[
  {
    "id": 1,
    "priority": 1,
    "action": {
      "type": "block"
    },
    "condition": {
      "urlFilter": "*://*.doubleclick.net/*",
      "resourceTypes": ["script", "image", "xmlhttprequest", "sub_frame"]
    }
  },
  {
    "id": 2,
    "priority": 1,
    "action": {
      "type": "block"
    },
    "condition": {
      "urlFilter": "*://*.adservice.google.com/*",
      "resourceTypes": ["script", "image", "xmlhttprequest", "sub_frame"]
    }
  },
  {
    "id": 3,
    "priority": 1,
    "action": {
      "type": "block"
    },
    "condition": {
      "urlFilter": "*://*.adnxs.com/*",
      "resourceTypes": ["script", "image", "xmlhttprequest", "sub_frame"]
    }
  },
  {
    "id": 4,
    "priority": 1,
    "action": {
      "type": "block"
    },
    "condition": {
      "urlFilter": "*://*.googlesyndication.com/*",
      "resourceTypes": ["script", "image", "xmlhttprequest", "sub_frame"]
    }
  },
  {
    "id": 5,
    "priority": 1,
    "action": {
      "type": "block"
    },
    "condition": {
      "urlFilter": "*://*.facebook.com/tr/*",
      "resourceTypes": ["script", "image", "xmlhttprequest", "sub_frame"]
    }
  },
  {
    "id": 6,
    "priority": 1,
    "action": {
      "type": "block"
    },
    "condition": {
      "urlFilter": "*://*.taboola.com/*",
      "resourceTypes": ["script", "image", "xmlhttprequest", "sub_frame"]
    }
  },
  {
    "id": 7,
    "priority": 1,
    "action": {
      "type": "block"
    },
    "condition": {
      "urlFilter": "*://*.outbrain.com/*",
      "resourceTypes": ["script", "image", "xmlhttprequest", "sub_frame"]
    }
  },
  {
    "id": 8,
    "priority": 1,
    "action": {
      "type": "block"
    },
    "condition": {
      "urlFilter": "*://*.revcontent.com/*",
      "resourceTypes": ["script", "image", "xmlhttprequest", "sub_frame"]
    }
  },
  {
    "id": 9,
    "priority": 1,
    "action": {
      "type": "block"
    },
    "condition": {
      "urlFilter": "*://*.adroll.com/*",
      "resourceTypes": ["script", "image", "xmlhttprequest", "sub_frame"]
    }
  },
  {
    "id": 10,
    "priority": 1,
    "action": {
      "type": "block"
    },
    "condition": {
      "urlFilter": "*://*.criteo.com/*",
      "resourceTypes": ["script", "image", "xmlhttprequest", "sub_frame"]
    }
  },
  {
    "id": 11,
    "priority": 1,
    "action": {
      "type": "block"
    },
    "condition": {
      "urlFilter": "*://*.amazon-adsystem.com/*",
      "resourceTypes": ["script", "image", "xmlhttprequest", "sub_frame"]
    }
  },
  {
    "id": 12,
    "priority": 1,
    "action": {
      "type": "block"
    },
    "condition": {
      "urlFilter": "*://*.pubmatic.com/*",
      "resourceTypes": ["script", "image", "xmlhttprequest", "sub_frame"]
    }
  },
  {
    "id": 13,
    "priority": 1,
    "action": {
      "type": "block"
    },
    "condition": {
      "urlFilter": "*://*.rubiconproject.com/*",
      "resourceTypes": ["script", "image", "xmlhttprequest", "sub_frame"]
    }
  },
  {
    "id": 14,
    "priority": 1,
    "action": {
      "type": "block"
    },
    "condition": {
      "urlFilter": "*://*.openx.net/*",
      "resourceTypes": ["script", "image", "xmlhttprequest", "sub_frame"]
    }
  },
  {
    "id": 15,
    "priority": 1,
    "action": {
      "type": "block"
    },
    "condition": {
      "urlFilter": "*://*.indexww.com/*",
      "resourceTypes": ["script", "image", "xmlhttprequest", "sub_frame"]
    }
  },
  {
    "id": 16,
    "priority": 1,
    "action": {
      "type": "block"
    },
    "condition": {
      "urlFilter": "*://*.adform.net/*",
      "resourceTypes": ["script", "image", "xmlhttprequest", "sub_frame"]
    }
  },
  {
    "id": 17,
    "priority": 1,
    "action": {
      "type": "block"
    },
    "condition": {
      "urlFilter": "*://*.media.net/*",
      "resourceTypes": ["script", "image", "xmlhttprequest", "sub_frame"]
    }
  },
  {
    "id": 18,
    "priority": 1,
    "action": {
      "type": "block"
    },
    "condition": {
      "urlFilter": "*://*.yieldmanager.com/*",
      "resourceTypes": ["script", "image", "xmlhttprequest", "sub_frame"]
    }
  }
]